handle,classification,,link,
175166549,1,,https://twitter.com/intent/user?user_id=,https://twitter.com/intent/user?user_id=175166549
2269464956,0,,https://twitter.com/intent/user?user_id=,https://twitter.com/intent/user?user_id=2269464956
489070530,0,,https://twitter.com/intent/user?user_id=,https://twitter.com/intent/user?user_id=489070530
1061475775,-1,,https://twitter.com/intent/user?user_id=,https://twitter.com/intent/user?user_id=1061475775
19461153,-1,,https://twitter.com/intent/user?user_id=,https://twitter.com/intent/user?user_id=19461153
1507338108,0,,https://twitter.com/intent/user?user_id=,https://twitter.com/intent/user?user_id=1507338108
44368678,1,,https://twitter.com/intent/user?user_id=,https://twitter.com/intent/user?user_id=44368678
16251808,-1,,https://twitter.com/intent/user?user_id=,https://twitter.com/intent/user?user_id=16251808
105609510,0,,https://twitter.com/intent/user?user_id=,https://twitter.com/intent/user?user_id=105609510
21233325,0,,https://twitter.com/intent/user?user_id=,https://twitter.com/intent/user?user_id=21233325
20165195,0,,https://twitter.com/intent/user?user_id=,https://twitter.com/intent/user?user_id=20165195
45667849,0,,https://twitter.com/intent/user?user_id=,https://twitter.com/intent/user?user_id=45667849
29967129,0,,https://twitter.com/intent/user?user_id=,https://twitter.com/intent/user?user_id=29967129
80043645,1,,https://twitter.com/intent/user?user_id=,https://twitter.com/intent/user?user_id=80043645
21845346,0,,https://twitter.com/intent/user?user_id=,https://twitter.com/intent/user?user_id=21845346
28848238,0,,https://twitter.com/intent/user?user_id=,https://twitter.com/intent/user?user_id=28848238
3354324953,0,,https://twitter.com/intent/user?user_id=,https://twitter.com/intent/user?user_id=3354324953
253631366,0,,https://twitter.com/intent/user?user_id=,https://twitter.com/intent/user?user_id=253631366
2383497576,0,,https://twitter.com/intent/user?user_id=,https://twitter.com/intent/user?user_id=2383497576
2343307246,0,,https://twitter.com/intent/user?user_id=,https://twitter.com/intent/user?user_id=2343307246
158433328,0,,https://twitter.com/intent/user?user_id=,https://twitter.com/intent/user?user_id=158433328
43919633,0,,https://twitter.com/intent/user?user_id=,https://twitter.com/intent/user?user_id=43919633
317597216,0,,https://twitter.com/intent/user?user_id=,https://twitter.com/intent/user?user_id=317597216
54191684,0,,https://twitter.com/intent/user?user_id=,https://twitter.com/intent/user?user_id=54191684
8.95E+17,,,https://twitter.com/intent/user?user_id=,https://twitter.com/intent/user?user_id=895412822665871000
393541673,0,,https://twitter.com/intent/user?user_id=,https://twitter.com/intent/user?user_id=393541673
29484151,0,,https://twitter.com/intent/user?user_id=,https://twitter.com/intent/user?user_id=29484151
2227074306,1,,https://twitter.com/intent/user?user_id=,https://twitter.com/intent/user?user_id=2227074306
755593460,0,,https://twitter.com/intent/user?user_id=,https://twitter.com/intent/user?user_id=755593460
3289955209,0,,https://twitter.com/intent/user?user_id=,https://twitter.com/intent/user?user_id=3289955209
7730052,0,,https://twitter.com/intent/user?user_id=,https://twitter.com/intent/user?user_id=7730052
44988185,0,,https://twitter.com/intent/user?user_id=,https://twitter.com/intent/user?user_id=44988185
187972951,1,,https://twitter.com/intent/user?user_id=,https://twitter.com/intent/user?user_id=187972951
3534543268,0,,https://twitter.com/intent/user?user_id=,https://twitter.com/intent/user?user_id=3534543268
3097656455,0,,https://twitter.com/intent/user?user_id=,https://twitter.com/intent/user?user_id=3097656455
7.22E+17,-1,,https://twitter.com/intent/user?user_id=,https://twitter.com/intent/user?user_id=722117494899679000
750763772,0,,https://twitter.com/intent/user?user_id=,https://twitter.com/intent/user?user_id=750763772
19197977,0,,https://twitter.com/intent/user?user_id=,https://twitter.com/intent/user?user_id=19197977
4821935919,-1,,https://twitter.com/intent/user?user_id=,https://twitter.com/intent/user?user_id=4821935919
2297833313,0,,https://twitter.com/intent/user?user_id=,https://twitter.com/intent/user?user_id=2297833313
7.48E+17,-1,,https://twitter.com/intent/user?user_id=,https://twitter.com/intent/user?user_id=748205033775239000
97314925,0,,https://twitter.com/intent/user?user_id=,https://twitter.com/intent/user?user_id=97314925
3162035880,0,,https://twitter.com/intent/user?user_id=,https://twitter.com/intent/user?user_id=3162035880
49328612,0,,https://twitter.com/intent/user?user_id=,https://twitter.com/intent/user?user_id=49328612
236132475,0,,https://twitter.com/intent/user?user_id=,https://twitter.com/intent/user?user_id=236132475
23043294,0,,https://twitter.com/intent/user?user_id=,https://twitter.com/intent/user?user_id=23043294
4591379378,0,,https://twitter.com/intent/user?user_id=,https://twitter.com/intent/user?user_id=4591379378
729317136,0,,https://twitter.com/intent/user?user_id=,https://twitter.com/intent/user?user_id=729317136
224345032,0,,https://twitter.com/intent/user?user_id=,https://twitter.com/intent/user?user_id=224345032
19461153,-1,,https://twitter.com/intent/user?user_id=,https://twitter.com/intent/user?user_id=19461153
256685244,0,,https://twitter.com/intent/user?user_id=,https://twitter.com/intent/user?user_id=256685244
529155944,0,,https://twitter.com/intent/user?user_id=,https://twitter.com/intent/user?user_id=529155944
8.81E+17,-1,,https://twitter.com/intent/user?user_id=,https://twitter.com/intent/user?user_id=880918346522398000
16780392,1,,https://twitter.com/intent/user?user_id=,https://twitter.com/intent/user?user_id=16780392
190095658,0,,https://twitter.com/intent/user?user_id=,https://twitter.com/intent/user?user_id=190095658
193794406,1,,https://twitter.com/intent/user?user_id=,https://twitter.com/intent/user?user_id=193794406
388968303,0,,https://twitter.com/intent/user?user_id=,https://twitter.com/intent/user?user_id=388968303
20689972,0,,https://twitter.com/intent/user?user_id=,https://twitter.com/intent/user?user_id=20689972
1615984831,0,,https://twitter.com/intent/user?user_id=,https://twitter.com/intent/user?user_id=1615984831
2756585388,0,,https://twitter.com/intent/user?user_id=,https://twitter.com/intent/user?user_id=2756585388
75985435,0,,https://twitter.com/intent/user?user_id=,https://twitter.com/intent/user?user_id=75985435
14304373,1,,https://twitter.com/intent/user?user_id=,https://twitter.com/intent/user?user_id=14304373
16378486,0,,https://twitter.com/intent/user?user_id=,https://twitter.com/intent/user?user_id=16378486
21807663,1,,https://twitter.com/intent/user?user_id=,https://twitter.com/intent/user?user_id=21807663
7.48E+17,-1,,https://twitter.com/intent/user?user_id=,https://twitter.com/intent/user?user_id=748244902891290000
1881598274,0,,https://twitter.com/intent/user?user_id=,https://twitter.com/intent/user?user_id=1881598274
26652909,0,,https://twitter.com/intent/user?user_id=,https://twitter.com/intent/user?user_id=26652909
279270981,0,,https://twitter.com/intent/user?user_id=,https://twitter.com/intent/user?user_id=279270981
3166305153,0,,https://twitter.com/intent/user?user_id=,https://twitter.com/intent/user?user_id=3166305153
176188573,0,,https://twitter.com/intent/user?user_id=,https://twitter.com/intent/user?user_id=176188573
2614985239,0,,https://twitter.com/intent/user?user_id=,https://twitter.com/intent/user?user_id=2614985239
137752344,1,,https://twitter.com/intent/user?user_id=,https://twitter.com/intent/user?user_id=137752344
17472479,0,,https://twitter.com/intent/user?user_id=,https://twitter.com/intent/user?user_id=17472479
912478788,1,,https://twitter.com/intent/user?user_id=,https://twitter.com/intent/user?user_id=912478788
23477691,0,,https://twitter.com/intent/user?user_id=,https://twitter.com/intent/user?user_id=23477691
2356792200,0,,https://twitter.com/intent/user?user_id=,https://twitter.com/intent/user?user_id=2356792200
2319650233,0,,https://twitter.com/intent/user?user_id=,https://twitter.com/intent/user?user_id=2319650233
14747825,0,,https://twitter.com/intent/user?user_id=,https://twitter.com/intent/user?user_id=14747825
1016842904,0,,https://twitter.com/intent/user?user_id=,https://twitter.com/intent/user?user_id=1016842904
378083771,0,,https://twitter.com/intent/user?user_id=,https://twitter.com/intent/user?user_id=378083771
454633568,-1,,https://twitter.com/intent/user?user_id=,https://twitter.com/intent/user?user_id=454633568
607570225,0,,https://twitter.com/intent/user?user_id=,https://twitter.com/intent/user?user_id=607570225
12534082,0,,https://twitter.com/intent/user?user_id=,https://twitter.com/intent/user?user_id=12534082
876951534,0,,https://twitter.com/intent/user?user_id=,https://twitter.com/intent/user?user_id=876951534
2570822849,0,,https://twitter.com/intent/user?user_id=,https://twitter.com/intent/user?user_id=2570822849
22503707,0,,https://twitter.com/intent/user?user_id=,https://twitter.com/intent/user?user_id=22503707
2914635075,0,,https://twitter.com/intent/user?user_id=,https://twitter.com/intent/user?user_id=2914635075
570544509,0,,https://twitter.com/intent/user?user_id=,https://twitter.com/intent/user?user_id=570544509
1344539976,0,,https://twitter.com/intent/user?user_id=,https://twitter.com/intent/user?user_id=1344539976
81163402,0,,https://twitter.com/intent/user?user_id=,https://twitter.com/intent/user?user_id=81163402
15909226,1,,https://twitter.com/intent/user?user_id=,https://twitter.com/intent/user?user_id=15909226
17976030,0,,https://twitter.com/intent/user?user_id=,https://twitter.com/intent/user?user_id=17976030
3519500234,0,,https://twitter.com/intent/user?user_id=,https://twitter.com/intent/user?user_id=3519500234
263269829,0,,https://twitter.com/intent/user?user_id=,https://twitter.com/intent/user?user_id=263269829
25630143,0,,https://twitter.com/intent/user?user_id=,https://twitter.com/intent/user?user_id=25630143
404525685,0,,https://twitter.com/intent/user?user_id=,https://twitter.com/intent/user?user_id=404525685
56903308,1,,https://twitter.com/intent/user?user_id=,https://twitter.com/intent/user?user_id=56903308
2350537651,0,,https://twitter.com/intent/user?user_id=,https://twitter.com/intent/user?user_id=2350537651
2387203339,0,,https://twitter.com/intent/user?user_id=,https://twitter.com/intent/user?user_id=2387203339
50788034,0,,https://twitter.com/intent/user?user_id=,https://twitter.com/intent/user?user_id=50788034
485847391,0,,https://twitter.com/intent/user?user_id=,https://twitter.com/intent/user?user_id=485847391
235321366,-1,,https://twitter.com/intent/user?user_id=,https://twitter.com/intent/user?user_id=235321366
2196488120,0,,https://twitter.com/intent/user?user_id=,https://twitter.com/intent/user?user_id=2196488120
3434136921,0,,https://twitter.com/intent/user?user_id=,https://twitter.com/intent/user?user_id=3434136921
3442534233,0,,https://twitter.com/intent/user?user_id=,https://twitter.com/intent/user?user_id=3442534233
38796254,0,,https://twitter.com/intent/user?user_id=,https://twitter.com/intent/user?user_id=38796254
234906251,0,,https://twitter.com/intent/user?user_id=,https://twitter.com/intent/user?user_id=234906251
625864882,0,,https://twitter.com/intent/user?user_id=,https://twitter.com/intent/user?user_id=625864882
437511454,-1,,https://twitter.com/intent/user?user_id=,https://twitter.com/intent/user?user_id=437511454
45319362,0,,https://twitter.com/intent/user?user_id=,https://twitter.com/intent/user?user_id=45319362
9.19E+17,-1,,https://twitter.com/intent/user?user_id=,https://twitter.com/intent/user?user_id=919084397009219000
26341787,0,,https://twitter.com/intent/user?user_id=,https://twitter.com/intent/user?user_id=26341787
126051146,0,,https://twitter.com/intent/user?user_id=,https://twitter.com/intent/user?user_id=126051146
1537352035,0,,https://twitter.com/intent/user?user_id=,https://twitter.com/intent/user?user_id=1537352035
15192993,0,,https://twitter.com/intent/user?user_id=,https://twitter.com/intent/user?user_id=15192993
240775305,0,,https://twitter.com/intent/user?user_id=,https://twitter.com/intent/user?user_id=240775305
29756321,0,,https://twitter.com/intent/user?user_id=,https://twitter.com/intent/user?user_id=29756321
162204416,0,,https://twitter.com/intent/user?user_id=,https://twitter.com/intent/user?user_id=162204416
129905901,0,,https://twitter.com/intent/user?user_id=,https://twitter.com/intent/user?user_id=129905901
449254141,1,,https://twitter.com/intent/user?user_id=,https://twitter.com/intent/user?user_id=449254141
16521206,0,,https://twitter.com/intent/user?user_id=,https://twitter.com/intent/user?user_id=16521206
14730894,0,,https://twitter.com/intent/user?user_id=,https://twitter.com/intent/user?user_id=14730894
63792332,-1,,https://twitter.com/intent/user?user_id=,https://twitter.com/intent/user?user_id=63792332
464204423,0,,https://twitter.com/intent/user?user_id=,https://twitter.com/intent/user?user_id=464204423
17820844,0,,https://twitter.com/intent/user?user_id=,https://twitter.com/intent/user?user_id=17820844
1339835893,0,,https://twitter.com/intent/user?user_id=,https://twitter.com/intent/user?user_id=1339835893
236584290,0,,https://twitter.com/intent/user?user_id=,https://twitter.com/intent/user?user_id=236584290
568336632,0,,https://twitter.com/intent/user?user_id=,https://twitter.com/intent/user?user_id=568336632
125414719,0,,https://twitter.com/intent/user?user_id=,https://twitter.com/intent/user?user_id=125414719
280299519,0,,https://twitter.com/intent/user?user_id=,https://twitter.com/intent/user?user_id=280299519
70784114,0,,https://twitter.com/intent/user?user_id=,https://twitter.com/intent/user?user_id=70784114
936975745,0,,https://twitter.com/intent/user?user_id=,https://twitter.com/intent/user?user_id=936975745
196638593,0,,https://twitter.com/intent/user?user_id=,https://twitter.com/intent/user?user_id=196638593
603045114,0,,https://twitter.com/intent/user?user_id=,https://twitter.com/intent/user?user_id=603045114
44961877,0,,https://twitter.com/intent/user?user_id=,https://twitter.com/intent/user?user_id=44961877
1620924397,0,,https://twitter.com/intent/user?user_id=,https://twitter.com/intent/user?user_id=1620924397
14437914,0,,https://twitter.com/intent/user?user_id=,https://twitter.com/intent/user?user_id=14437914
14204714,0,,https://twitter.com/intent/user?user_id=,https://twitter.com/intent/user?user_id=14204714
7.97E+17,-1,,https://twitter.com/intent/user?user_id=,https://twitter.com/intent/user?user_id=797081348267798000
83332814,0,,https://twitter.com/intent/user?user_id=,https://twitter.com/intent/user?user_id=83332814
117558163,0,,https://twitter.com/intent/user?user_id=,https://twitter.com/intent/user?user_id=117558163
22882864,0,,https://twitter.com/intent/user?user_id=,https://twitter.com/intent/user?user_id=22882864
4541535439,0,,https://twitter.com/intent/user?user_id=,https://twitter.com/intent/user?user_id=4541535439
54617733,0,,https://twitter.com/intent/user?user_id=,https://twitter.com/intent/user?user_id=54617733
1.08E+18,-1,,https://twitter.com/intent/user?user_id=,https://twitter.com/intent/user?user_id=1075006185185700000
35106825,0,,https://twitter.com/intent/user?user_id=,https://twitter.com/intent/user?user_id=35106825
16744329,0,,https://twitter.com/intent/user?user_id=,https://twitter.com/intent/user?user_id=16744329
1068481578,0,,https://twitter.com/intent/user?user_id=,https://twitter.com/intent/user?user_id=1068481578
349279378,0,,https://twitter.com/intent/user?user_id=,https://twitter.com/intent/user?user_id=349279378
18956073,0,,https://twitter.com/intent/user?user_id=,https://twitter.com/intent/user?user_id=18956073
1222864472,0,,https://twitter.com/intent/user?user_id=,https://twitter.com/intent/user?user_id=1222864472
15228276,0,,https://twitter.com/intent/user?user_id=,https://twitter.com/intent/user?user_id=15228276
16076965,0,,https://twitter.com/intent/user?user_id=,https://twitter.com/intent/user?user_id=16076965
72616616,0,,https://twitter.com/intent/user?user_id=,https://twitter.com/intent/user?user_id=72616616
1508051640,0,,https://twitter.com/intent/user?user_id=,https://twitter.com/intent/user?user_id=1508051640
1.08E+18,-1,,https://twitter.com/intent/user?user_id=,https://twitter.com/intent/user?user_id=1075187704353100000
105910772,1,,https://twitter.com/intent/user?user_id=,https://twitter.com/intent/user?user_id=105910772
37668120,-1,,https://twitter.com/intent/user?user_id=,https://twitter.com/intent/user?user_id=37668120
338022507,0,,https://twitter.com/intent/user?user_id=,https://twitter.com/intent/user?user_id=338022507
158456433,0,,https://twitter.com/intent/user?user_id=,https://twitter.com/intent/user?user_id=158456433
6461462,0,,https://twitter.com/intent/user?user_id=,https://twitter.com/intent/user?user_id=6461462
360201349,0,,https://twitter.com/intent/user?user_id=,https://twitter.com/intent/user?user_id=360201349
18563796,0,,https://twitter.com/intent/user?user_id=,https://twitter.com/intent/user?user_id=18563796
2331120185,0,,https://twitter.com/intent/user?user_id=,https://twitter.com/intent/user?user_id=2331120185
8.41E+17,-1,,https://twitter.com/intent/user?user_id=,https://twitter.com/intent/user?user_id=841359879654789000
2306688818,0,,https://twitter.com/intent/user?user_id=,https://twitter.com/intent/user?user_id=2306688818
18725633,0,,https://twitter.com/intent/user?user_id=,https://twitter.com/intent/user?user_id=18725633
555288041,0,,https://twitter.com/intent/user?user_id=,https://twitter.com/intent/user?user_id=555288041
7.33E+17,-1,,https://twitter.com/intent/user?user_id=,https://twitter.com/intent/user?user_id=732752840347656000
2750799759,0,,https://twitter.com/intent/user?user_id=,https://twitter.com/intent/user?user_id=2750799759
64115649,0,,https://twitter.com/intent/user?user_id=,https://twitter.com/intent/user?user_id=64115649
81750480,0,,https://twitter.com/intent/user?user_id=,https://twitter.com/intent/user?user_id=81750480
80069355,0,,https://twitter.com/intent/user?user_id=,https://twitter.com/intent/user?user_id=80069355
20180101,0,,https://twitter.com/intent/user?user_id=,https://twitter.com/intent/user?user_id=20180101
302917568,0,,https://twitter.com/intent/user?user_id=,https://twitter.com/intent/user?user_id=302917568
888972463,0,,https://twitter.com/intent/user?user_id=,https://twitter.com/intent/user?user_id=888972463
7.51E+17,-1,,https://twitter.com/intent/user?user_id=,https://twitter.com/intent/user?user_id=751178561390772000
19362485,0,,https://twitter.com/intent/user?user_id=,https://twitter.com/intent/user?user_id=19362485
32453116,0,,https://twitter.com/intent/user?user_id=,https://twitter.com/intent/user?user_id=32453116
1.17E+18,-1,,https://twitter.com/intent/user?user_id=,https://twitter.com/intent/user?user_id=1169996514204290000
395389912,0,,https://twitter.com/intent/user?user_id=,https://twitter.com/intent/user?user_id=395389912
23489273,0,,https://twitter.com/intent/user?user_id=,https://twitter.com/intent/user?user_id=23489273
617374305,0,,https://twitter.com/intent/user?user_id=,https://twitter.com/intent/user?user_id=617374305
26667294,0,,https://twitter.com/intent/user?user_id=,https://twitter.com/intent/user?user_id=26667294
488779587,0,,https://twitter.com/intent/user?user_id=,https://twitter.com/intent/user?user_id=488779587
8.09E+17,-1,,https://twitter.com/intent/user?user_id=,https://twitter.com/intent/user?user_id=809453401125765000
2438170406,0,,https://twitter.com/intent/user?user_id=,https://twitter.com/intent/user?user_id=2438170406
247464671,0,,https://twitter.com/intent/user?user_id=,https://twitter.com/intent/user?user_id=247464671
126424795,0,,https://twitter.com/intent/user?user_id=,https://twitter.com/intent/user?user_id=126424795
225925416,0,,https://twitter.com/intent/user?user_id=,https://twitter.com/intent/user?user_id=225925416
78107876,1,,https://twitter.com/intent/user?user_id=,https://twitter.com/intent/user?user_id=78107876
36568444,0,,https://twitter.com/intent/user?user_id=,https://twitter.com/intent/user?user_id=36568444
65561498,0,,https://twitter.com/intent/user?user_id=,https://twitter.com/intent/user?user_id=65561498
26947623,0,,https://twitter.com/intent/user?user_id=,https://twitter.com/intent/user?user_id=26947623
82693002,0,,https://twitter.com/intent/user?user_id=,https://twitter.com/intent/user?user_id=82693002
30039712,0,,https://twitter.com/intent/user?user_id=,https://twitter.com/intent/user?user_id=30039712
3534543268,0,,https://twitter.com/intent/user?user_id=,https://twitter.com/intent/user?user_id=3534543268
807789372,1,,https://twitter.com/intent/user?user_id=,https://twitter.com/intent/user?user_id=807789372
1.08E+18,-1,,https://twitter.com/intent/user?user_id=,https://twitter.com/intent/user?user_id=1080891667308290000
30106118,0,,https://twitter.com/intent/user?user_id=,https://twitter.com/intent/user?user_id=30106118
16408207,0,,https://twitter.com/intent/user?user_id=,https://twitter.com/intent/user?user_id=16408207
1.27E+18,-1,,https://twitter.com/intent/user?user_id=,https://twitter.com/intent/user?user_id=1265308363644190000
345702110,-1,,https://twitter.com/intent/user?user_id=,https://twitter.com/intent/user?user_id=345702110
381666934,-1,,https://twitter.com/intent/user?user_id=,https://twitter.com/intent/user?user_id=381666934
872163942,0,,https://twitter.com/intent/user?user_id=,https://twitter.com/intent/user?user_id=872163942
37305319,0,,https://twitter.com/intent/user?user_id=,https://twitter.com/intent/user?user_id=37305319
987600932,0,,https://twitter.com/intent/user?user_id=,https://twitter.com/intent/user?user_id=987600932
17531188,0,,https://twitter.com/intent/user?user_id=,https://twitter.com/intent/user?user_id=17531188
22651743,-1,,https://twitter.com/intent/user?user_id=,https://twitter.com/intent/user?user_id=22651743
33835821,0,,https://twitter.com/intent/user?user_id=,https://twitter.com/intent/user?user_id=33835821
15265641,0,,https://twitter.com/intent/user?user_id=,https://twitter.com/intent/user?user_id=15265641
72938363,0,,https://twitter.com/intent/user?user_id=,https://twitter.com/intent/user?user_id=72938363
39564141,0,,https://twitter.com/intent/user?user_id=,https://twitter.com/intent/user?user_id=39564141
48817182,0,,https://twitter.com/intent/user?user_id=,https://twitter.com/intent/user?user_id=48817182
25902362,0,,https://twitter.com/intent/user?user_id=,https://twitter.com/intent/user?user_id=25902362
451639706,0,attorney general,https://twitter.com/intent/user?user_id=,https://twitter.com/intent/user?user_id=451639706
459629718,0,,https://twitter.com/intent/user?user_id=,https://twitter.com/intent/user?user_id=459629718
3551046323,0,,https://twitter.com/intent/user?user_id=,https://twitter.com/intent/user?user_id=3551046323
14712659,0,news,https://twitter.com/intent/user?user_id=,https://twitter.com/intent/user?user_id=14712659
16081037,0,news,https://twitter.com/intent/user?user_id=,https://twitter.com/intent/user?user_id=16081037
53929374,0,,https://twitter.com/intent/user?user_id=,https://twitter.com/intent/user?user_id=53929374
271720163,0,news,https://twitter.com/intent/user?user_id=,https://twitter.com/intent/user?user_id=271720163
1.10E+18,-1,,https://twitter.com/intent/user?user_id=,https://twitter.com/intent/user?user_id=1095481377481540000
20195338,0,news,https://twitter.com/intent/user?user_id=,https://twitter.com/intent/user?user_id=20195338
22946048,0,Alabama GOP,https://twitter.com/intent/user?user_id=,https://twitter.com/intent/user?user_id=22946048
321815671,0,,https://twitter.com/intent/user?user_id=,https://twitter.com/intent/user?user_id=321815671
1934966630,0,,https://twitter.com/intent/user?user_id=,https://twitter.com/intent/user?user_id=1934966630
1631641796,0,main state rep,https://twitter.com/intent/user?user_id=,https://twitter.com/intent/user?user_id=1631641796
4665656604,0,,https://twitter.com/intent/user?user_id=,https://twitter.com/intent/user?user_id=4665656604
1.18E+18,-1,,https://twitter.com/intent/user?user_id=,https://twitter.com/intent/user?user_id=1176823194537350000
63263281,0,,https://twitter.com/intent/user?user_id=,https://twitter.com/intent/user?user_id=63263281
55868339,0,,https://twitter.com/intent/user?user_id=,https://twitter.com/intent/user?user_id=55868339
885601772,0,,https://twitter.com/intent/user?user_id=,https://twitter.com/intent/user?user_id=885601772
22948692,0,news,https://twitter.com/intent/user?user_id=,https://twitter.com/intent/user?user_id=22948692
3224672148,0,,https://twitter.com/intent/user?user_id=,https://twitter.com/intent/user?user_id=3224672148
52065008,0,,https://twitter.com/intent/user?user_id=,https://twitter.com/intent/user?user_id=52065008
21632252,0,former democratic leader,https://twitter.com/intent/user?user_id=,https://twitter.com/intent/user?user_id=21632252
181835129,0,,https://twitter.com/intent/user?user_id=,https://twitter.com/intent/user?user_id=181835129
14065981,0,news ,https://twitter.com/intent/user?user_id=,https://twitter.com/intent/user?user_id=14065981
96124760,0,,https://twitter.com/intent/user?user_id=,https://twitter.com/intent/user?user_id=96124760
1080844782,0,senator,https://twitter.com/intent/user?user_id=,https://twitter.com/intent/user?user_id=1080844782
21458110,0,,https://twitter.com/intent/user?user_id=,https://twitter.com/intent/user?user_id=21458110
462500565,-1,,https://twitter.com/intent/user?user_id=,https://twitter.com/intent/user?user_id=462500565
310960142,0,,https://twitter.com/intent/user?user_id=,https://twitter.com/intent/user?user_id=310960142
76452765,0,senator,https://twitter.com/intent/user?user_id=,https://twitter.com/intent/user?user_id=76452765
135943388,0,Utah,https://twitter.com/intent/user?user_id=,https://twitter.com/intent/user?user_id=135943388
280660655,0,ymca,https://twitter.com/intent/user?user_id=,https://twitter.com/intent/user?user_id=280660655
174369590,0,senator,https://twitter.com/intent/user?user_id=,https://twitter.com/intent/user?user_id=174369590
4515650200,0,,https://twitter.com/intent/user?user_id=,https://twitter.com/intent/user?user_id=4515650200
151239119,1,audit board,https://twitter.com/intent/user?user_id=,https://twitter.com/intent/user?user_id=151239119
1.30E+18,-1,,https://twitter.com/intent/user?user_id=,https://twitter.com/intent/user?user_id=1301265093250940000
90639372,0,,https://twitter.com/intent/user?user_id=,https://twitter.com/intent/user?user_id=90639372
451339059,0,,https://twitter.com/intent/user?user_id=,https://twitter.com/intent/user?user_id=451339059
19847765,0,news,https://twitter.com/intent/user?user_id=,https://twitter.com/intent/user?user_id=19847765
1.07E+18,-1,,https://twitter.com/intent/user?user_id=,https://twitter.com/intent/user?user_id=1070083706822430000
2821949553,0,rando,https://twitter.com/intent/user?user_id=,https://twitter.com/intent/user?user_id=2821949553
1.26E+18,-1,,https://twitter.com/intent/user?user_id=,https://twitter.com/intent/user?user_id=1258083779735920000
40653668,0,indiana republic party,https://twitter.com/intent/user?user_id=,https://twitter.com/intent/user?user_id=40653668
63219080,0,aarp,https://twitter.com/intent/user?user_id=,https://twitter.com/intent/user?user_id=63219080
71977357,0,,https://twitter.com/intent/user?user_id=,https://twitter.com/intent/user?user_id=71977357
161413411,0,,https://twitter.com/intent/user?user_id=,https://twitter.com/intent/user?user_id=161413411
303478673,0,,https://twitter.com/intent/user?user_id=,https://twitter.com/intent/user?user_id=303478673
165962405,0,,https://twitter.com/intent/user?user_id=,https://twitter.com/intent/user?user_id=165962405
1708850952,0,,https://twitter.com/intent/user?user_id=,https://twitter.com/intent/user?user_id=1708850952
17072387,0,,https://twitter.com/intent/user?user_id=,https://twitter.com/intent/user?user_id=17072387
16727749,0,,https://twitter.com/intent/user?user_id=,https://twitter.com/intent/user?user_id=16727749
3240485140,0,,https://twitter.com/intent/user?user_id=,https://twitter.com/intent/user?user_id=3240485140
21791103,0,,https://twitter.com/intent/user?user_id=,https://twitter.com/intent/user?user_id=21791103
52021155,0,,https://twitter.com/intent/user?user_id=,https://twitter.com/intent/user?user_id=52021155
1.12E+18,-1,,https://twitter.com/intent/user?user_id=,https://twitter.com/intent/user?user_id=1120410950413240000
149242357,0,,https://twitter.com/intent/user?user_id=,https://twitter.com/intent/user?user_id=149242357
413407657,0,,https://twitter.com/intent/user?user_id=,https://twitter.com/intent/user?user_id=413407657
402973622,1,auditor,https://twitter.com/intent/user?user_id=,https://twitter.com/intent/user?user_id=402973622
65338310,-1,,https://twitter.com/intent/user?user_id=,https://twitter.com/intent/user?user_id=65338310
81126126,0,,https://twitter.com/intent/user?user_id=,https://twitter.com/intent/user?user_id=81126126
89031083,0,,https://twitter.com/intent/user?user_id=,https://twitter.com/intent/user?user_id=89031083
18348376,-1,,https://twitter.com/intent/user?user_id=,https://twitter.com/intent/user?user_id=18348376
83932732,0,,https://twitter.com/intent/user?user_id=,https://twitter.com/intent/user?user_id=83932732
465679332,0, ngo us vote foundation,https://twitter.com/intent/user?user_id=,https://twitter.com/intent/user?user_id=465679332
1666480033,0,,https://twitter.com/intent/user?user_id=,https://twitter.com/intent/user?user_id=1666480033
752740796,0,,https://twitter.com/intent/user?user_id=,https://twitter.com/intent/user?user_id=752740796
540396464,0,,https://twitter.com/intent/user?user_id=,https://twitter.com/intent/user?user_id=540396464
144894262,0,news,https://twitter.com/intent/user?user_id=,https://twitter.com/intent/user?user_id=144894262
148868920,0,news,https://twitter.com/intent/user?user_id=,https://twitter.com/intent/user?user_id=148868920
61886236,0,,https://twitter.com/intent/user?user_id=,https://twitter.com/intent/user?user_id=61886236
43811517,-1,,https://twitter.com/intent/user?user_id=,https://twitter.com/intent/user?user_id=43811517
22018258,0,,https://twitter.com/intent/user?user_id=,https://twitter.com/intent/user?user_id=22018258
21530025,0,npr,https://twitter.com/intent/user?user_id=,https://twitter.com/intent/user?user_id=21530025
141412998,0,ned foley,https://twitter.com/intent/user?user_id=,https://twitter.com/intent/user?user_id=141412998
1260440701,0,,https://twitter.com/intent/user?user_id=,https://twitter.com/intent/user?user_id=1260440701
528919574,0,,https://twitter.com/intent/user?user_id=,https://twitter.com/intent/user?user_id=528919574
8645072,0,kansas library,https://twitter.com/intent/user?user_id=,https://twitter.com/intent/user?user_id=8645072
258741909,0,,https://twitter.com/intent/user?user_id=,https://twitter.com/intent/user?user_id=258741909
16548466,0,,https://twitter.com/intent/user?user_id=,https://twitter.com/intent/user?user_id=16548466
14470284,0,,https://twitter.com/intent/user?user_id=,https://twitter.com/intent/user?user_id=14470284
237520785,0,,https://twitter.com/intent/user?user_id=,https://twitter.com/intent/user?user_id=237520785
16564850,0,news,https://twitter.com/intent/user?user_id=,https://twitter.com/intent/user?user_id=16564850
188803750,0,,https://twitter.com/intent/user?user_id=,https://twitter.com/intent/user?user_id=188803750
99778302,0,,https://twitter.com/intent/user?user_id=,https://twitter.com/intent/user?user_id=99778302
156420650,0,,https://twitter.com/intent/user?user_id=,https://twitter.com/intent/user?user_id=156420650
50413397,0,,https://twitter.com/intent/user?user_id=,https://twitter.com/intent/user?user_id=50413397
314834478,1,,https://twitter.com/intent/user?user_id=,https://twitter.com/intent/user?user_id=314834478
19205787,0,,https://twitter.com/intent/user?user_id=,https://twitter.com/intent/user?user_id=19205787
1.06E+18,-1,,https://twitter.com/intent/user?user_id=,https://twitter.com/intent/user?user_id=1060655470178780000
2588011975,0,,https://twitter.com/intent/user?user_id=,https://twitter.com/intent/user?user_id=2588011975
44808326,0,,https://twitter.com/intent/user?user_id=,https://twitter.com/intent/user?user_id=44808326
106457836,0,,https://twitter.com/intent/user?user_id=,https://twitter.com/intent/user?user_id=106457836
3072237744,0,,https://twitter.com/intent/user?user_id=,https://twitter.com/intent/user?user_id=3072237744
74056486,0,,https://twitter.com/intent/user?user_id=,https://twitter.com/intent/user?user_id=74056486
182686385,0,,https://twitter.com/intent/user?user_id=,https://twitter.com/intent/user?user_id=182686385
20542307,0,,https://twitter.com/intent/user?user_id=,https://twitter.com/intent/user?user_id=20542307
378405677,0,,https://twitter.com/intent/user?user_id=,https://twitter.com/intent/user?user_id=378405677
702999654,0,,https://twitter.com/intent/user?user_id=,https://twitter.com/intent/user?user_id=702999654
246993396,0,,https://twitter.com/intent/user?user_id=,https://twitter.com/intent/user?user_id=246993396
1.23E+18,-1,,https://twitter.com/intent/user?user_id=,https://twitter.com/intent/user?user_id=1234536299421300000
3068837529,0,,https://twitter.com/intent/user?user_id=,https://twitter.com/intent/user?user_id=3068837529
230229157,0,,https://twitter.com/intent/user?user_id=,https://twitter.com/intent/user?user_id=230229157
120852788,0,,https://twitter.com/intent/user?user_id=,https://twitter.com/intent/user?user_id=120852788
54774687,0,,https://twitter.com/intent/user?user_id=,https://twitter.com/intent/user?user_id=54774687
29585629,0,,https://twitter.com/intent/user?user_id=,https://twitter.com/intent/user?user_id=29585629
453481936,0,,https://twitter.com/intent/user?user_id=,https://twitter.com/intent/user?user_id=453481936
21493937,0,,https://twitter.com/intent/user?user_id=,https://twitter.com/intent/user?user_id=21493937
14622786,0,,https://twitter.com/intent/user?user_id=,https://twitter.com/intent/user?user_id=14622786
1.24E+18,-1,,https://twitter.com/intent/user?user_id=,https://twitter.com/intent/user?user_id=1236342072585710000
711015422,0,,https://twitter.com/intent/user?user_id=,https://twitter.com/intent/user?user_id=711015422
3407344393,0,,https://twitter.com/intent/user?user_id=,https://twitter.com/intent/user?user_id=3407344393
438614559,0,,https://twitter.com/intent/user?user_id=,https://twitter.com/intent/user?user_id=438614559
72659003,0,,https://twitter.com/intent/user?user_id=,https://twitter.com/intent/user?user_id=72659003
2539908208,0,,https://twitter.com/intent/user?user_id=,https://twitter.com/intent/user?user_id=2539908208
21768283,0,,https://twitter.com/intent/user?user_id=,https://twitter.com/intent/user?user_id=21768283
1326792097,0,,https://twitter.com/intent/user?user_id=,https://twitter.com/intent/user?user_id=1326792097
2226235435,0,,https://twitter.com/intent/user?user_id=,https://twitter.com/intent/user?user_id=2226235435
26626936,1,,https://twitter.com/intent/user?user_id=,https://twitter.com/intent/user?user_id=26626936
970207298,0,,https://twitter.com/intent/user?user_id=,https://twitter.com/intent/user?user_id=970207298
26327850,-1,,https://twitter.com/intent/user?user_id=,https://twitter.com/intent/user?user_id=26327850
2750105810,0,,https://twitter.com/intent/user?user_id=,https://twitter.com/intent/user?user_id=2750105810
11490472,0,,https://twitter.com/intent/user?user_id=,https://twitter.com/intent/user?user_id=11490472
3432606731,0,,https://twitter.com/intent/user?user_id=,https://twitter.com/intent/user?user_id=3432606731
34996208,0,,https://twitter.com/intent/user?user_id=,https://twitter.com/intent/user?user_id=34996208
23316581,0,,https://twitter.com/intent/user?user_id=,https://twitter.com/intent/user?user_id=23316581
2632829667,0,,https://twitter.com/intent/user?user_id=,https://twitter.com/intent/user?user_id=2632829667
7195902,0,,https://twitter.com/intent/user?user_id=,https://twitter.com/intent/user?user_id=7195902
8953122,0,,https://twitter.com/intent/user?user_id=,https://twitter.com/intent/user?user_id=8953122
339226095,0,,https://twitter.com/intent/user?user_id=,https://twitter.com/intent/user?user_id=339226095
808108063,0,,https://twitter.com/intent/user?user_id=,https://twitter.com/intent/user?user_id=808108063
58503762,0,,https://twitter.com/intent/user?user_id=,https://twitter.com/intent/user?user_id=58503762
1220860142,0,,https://twitter.com/intent/user?user_id=,https://twitter.com/intent/user?user_id=1220860142
8.24E+17,-1,,https://twitter.com/intent/user?user_id=,https://twitter.com/intent/user?user_id=824287123150897000
240847333,0,,https://twitter.com/intent/user?user_id=,https://twitter.com/intent/user?user_id=240847333
79201552,0,,https://twitter.com/intent/user?user_id=,https://twitter.com/intent/user?user_id=79201552
30914544,0,,https://twitter.com/intent/user?user_id=,https://twitter.com/intent/user?user_id=30914544
16086838,0,,https://twitter.com/intent/user?user_id=,https://twitter.com/intent/user?user_id=16086838
2299826742,-1,,https://twitter.com/intent/user?user_id=,https://twitter.com/intent/user?user_id=2299826742
490671404,0,,https://twitter.com/intent/user?user_id=,https://twitter.com/intent/user?user_id=490671404
366161148,0,,https://twitter.com/intent/user?user_id=,https://twitter.com/intent/user?user_id=366161148
41362731,0,,https://twitter.com/intent/user?user_id=,https://twitter.com/intent/user?user_id=41362731
1583720952,1,,https://twitter.com/intent/user?user_id=,https://twitter.com/intent/user?user_id=1583720952
28121292,0,,https://twitter.com/intent/user?user_id=,https://twitter.com/intent/user?user_id=28121292
25922048,0,,https://twitter.com/intent/user?user_id=,https://twitter.com/intent/user?user_id=25922048
487688840,0,,https://twitter.com/intent/user?user_id=,https://twitter.com/intent/user?user_id=487688840
1673533813,0,,https://twitter.com/intent/user?user_id=,https://twitter.com/intent/user?user_id=1673533813
2414856948,0,,https://twitter.com/intent/user?user_id=,https://twitter.com/intent/user?user_id=2414856948
15319700,0,,https://twitter.com/intent/user?user_id=,https://twitter.com/intent/user?user_id=15319700
17449331,0,,https://twitter.com/intent/user?user_id=,https://twitter.com/intent/user?user_id=17449331
29097819,0,,https://twitter.com/intent/user?user_id=,https://twitter.com/intent/user?user_id=29097819
983872069,0,,https://twitter.com/intent/user?user_id=,https://twitter.com/intent/user?user_id=983872069
407040598,0,,https://twitter.com/intent/user?user_id=,https://twitter.com/intent/user?user_id=407040598
19832680,0,,https://twitter.com/intent/user?user_id=,https://twitter.com/intent/user?user_id=19832680
552949589,0,,https://twitter.com/intent/user?user_id=,https://twitter.com/intent/user?user_id=552949589
338527278,0,,https://twitter.com/intent/user?user_id=,https://twitter.com/intent/user?user_id=338527278
552168379,0,,https://twitter.com/intent/user?user_id=,https://twitter.com/intent/user?user_id=552168379
1397460090,0,,https://twitter.com/intent/user?user_id=,https://twitter.com/intent/user?user_id=1397460090
1908726210,0,,https://twitter.com/intent/user?user_id=,https://twitter.com/intent/user?user_id=1908726210
431198790,-1,,https://twitter.com/intent/user?user_id=,https://twitter.com/intent/user?user_id=431198790
8.09E+17,-1,,https://twitter.com/intent/user?user_id=,https://twitter.com/intent/user?user_id=809453401125765000
25429577,-1,,https://twitter.com/intent/user?user_id=,https://twitter.com/intent/user?user_id=25429577
311231750,0,,https://twitter.com/intent/user?user_id=,https://twitter.com/intent/user?user_id=311231750
1524939295,0,,https://twitter.com/intent/user?user_id=,https://twitter.com/intent/user?user_id=1524939295
50003709,0,,https://twitter.com/intent/user?user_id=,https://twitter.com/intent/user?user_id=50003709
145392059,0,,https://twitter.com/intent/user?user_id=,https://twitter.com/intent/user?user_id=145392059
227777313,0,,https://twitter.com/intent/user?user_id=,https://twitter.com/intent/user?user_id=227777313
21610240,0,,https://twitter.com/intent/user?user_id=,https://twitter.com/intent/user?user_id=21610240
23092247,0,,https://twitter.com/intent/user?user_id=,https://twitter.com/intent/user?user_id=23092247
3063569349,-1,,https://twitter.com/intent/user?user_id=,https://twitter.com/intent/user?user_id=3063569349
16563015,0,,https://twitter.com/intent/user?user_id=,https://twitter.com/intent/user?user_id=16563015
23276169,0,,https://twitter.com/intent/user?user_id=,https://twitter.com/intent/user?user_id=23276169
235561142,0,,https://twitter.com/intent/user?user_id=,https://twitter.com/intent/user?user_id=235561142
1.23E+18,-1,,https://twitter.com/intent/user?user_id=,https://twitter.com/intent/user?user_id=1231767470513340000
447145522,1,,https://twitter.com/intent/user?user_id=,https://twitter.com/intent/user?user_id=447145522
2968166356,0,,https://twitter.com/intent/user?user_id=,https://twitter.com/intent/user?user_id=2968166356
37052671,0,,https://twitter.com/intent/user?user_id=,https://twitter.com/intent/user?user_id=37052671
3067585165,0,,https://twitter.com/intent/user?user_id=,https://twitter.com/intent/user?user_id=3067585165
535116031,0,,https://twitter.com/intent/user?user_id=,https://twitter.com/intent/user?user_id=535116031
238772601,0,,https://twitter.com/intent/user?user_id=,https://twitter.com/intent/user?user_id=238772601
27565899,0,,https://twitter.com/intent/user?user_id=,https://twitter.com/intent/user?user_id=27565899
103004707,0,,https://twitter.com/intent/user?user_id=,https://twitter.com/intent/user?user_id=103004707
236576910,0,,https://twitter.com/intent/user?user_id=,https://twitter.com/intent/user?user_id=236576910
389865870,0,,https://twitter.com/intent/user?user_id=,https://twitter.com/intent/user?user_id=389865870
21784607,0,,https://twitter.com/intent/user?user_id=,https://twitter.com/intent/user?user_id=21784607
31013444,0,,https://twitter.com/intent/user?user_id=,https://twitter.com/intent/user?user_id=31013444
11735652,0,,https://twitter.com/intent/user?user_id=,https://twitter.com/intent/user?user_id=11735652
3104164332,0,,https://twitter.com/intent/user?user_id=,https://twitter.com/intent/user?user_id=3104164332
36395921,0,,https://twitter.com/intent/user?user_id=,https://twitter.com/intent/user?user_id=36395921
26665847,0,,https://twitter.com/intent/user?user_id=,https://twitter.com/intent/user?user_id=26665847
7.03E+17,-1,,https://twitter.com/intent/user?user_id=,https://twitter.com/intent/user?user_id=703293186404442000
98673440,0,,https://twitter.com/intent/user?user_id=,https://twitter.com/intent/user?user_id=98673440
83231493,0,,https://twitter.com/intent/user?user_id=,https://twitter.com/intent/user?user_id=83231493
104410500,0,,https://twitter.com/intent/user?user_id=,https://twitter.com/intent/user?user_id=104410500
17722044,0,,https://twitter.com/intent/user?user_id=,https://twitter.com/intent/user?user_id=17722044
222377113,-1,,https://twitter.com/intent/user?user_id=,https://twitter.com/intent/user?user_id=222377113
494142235,0,,https://twitter.com/intent/user?user_id=,https://twitter.com/intent/user?user_id=494142235
1315682984,0,,https://twitter.com/intent/user?user_id=,https://twitter.com/intent/user?user_id=1315682984
263504949,0,,https://twitter.com/intent/user?user_id=,https://twitter.com/intent/user?user_id=263504949
73494599,0,,https://twitter.com/intent/user?user_id=,https://twitter.com/intent/user?user_id=73494599
134971995,0,,https://twitter.com/intent/user?user_id=,https://twitter.com/intent/user?user_id=134971995
1392151658,0,,https://twitter.com/intent/user?user_id=,https://twitter.com/intent/user?user_id=1392151658
359382918,0,,https://twitter.com/intent/user?user_id=,https://twitter.com/intent/user?user_id=359382918
6798482,0,,https://twitter.com/intent/user?user_id=,https://twitter.com/intent/user?user_id=6798482
520817923,0,,https://twitter.com/intent/user?user_id=,https://twitter.com/intent/user?user_id=520817923
79201672,0,,https://twitter.com/intent/user?user_id=,https://twitter.com/intent/user?user_id=79201672
9803552,0,,https://twitter.com/intent/user?user_id=,https://twitter.com/intent/user?user_id=9803552
118850657,0,,https://twitter.com/intent/user?user_id=,https://twitter.com/intent/user?user_id=118850657
135991437,0,,https://twitter.com/intent/user?user_id=,https://twitter.com/intent/user?user_id=135991437
1562042179,0,,https://twitter.com/intent/user?user_id=,https://twitter.com/intent/user?user_id=1562042179
210897897,0,,https://twitter.com/intent/user?user_id=,https://twitter.com/intent/user?user_id=210897897
15917517,1,,https://twitter.com/intent/user?user_id=,https://twitter.com/intent/user?user_id=15917517
2469775033,0,,https://twitter.com/intent/user?user_id=,https://twitter.com/intent/user?user_id=2469775033
149636417,0,,https://twitter.com/intent/user?user_id=,https://twitter.com/intent/user?user_id=149636417
8.90E+17,-1,,https://twitter.com/intent/user?user_id=,https://twitter.com/intent/user?user_id=890381594170712000
288394742,-1,,https://twitter.com/intent/user?user_id=,https://twitter.com/intent/user?user_id=288394742
16538186,0,,https://twitter.com/intent/user?user_id=,https://twitter.com/intent/user?user_id=16538186
9.37E+17,-1,,https://twitter.com/intent/user?user_id=,https://twitter.com/intent/user?user_id=936733099802497000
64877099,1,,https://twitter.com/intent/user?user_id=,https://twitter.com/intent/user?user_id=64877099
175076738,0,,https://twitter.com/intent/user?user_id=,https://twitter.com/intent/user?user_id=175076738
17210719,-1,,https://twitter.com/intent/user?user_id=,https://twitter.com/intent/user?user_id=17210719
60876782,1,,https://twitter.com/intent/user?user_id=,https://twitter.com/intent/user?user_id=60876782
45573874,0,,https://twitter.com/intent/user?user_id=,https://twitter.com/intent/user?user_id=45573874
399489988,0,,https://twitter.com/intent/user?user_id=,https://twitter.com/intent/user?user_id=399489988
3006379629,0,,https://twitter.com/intent/user?user_id=,https://twitter.com/intent/user?user_id=3006379629
2922443746,0,,https://twitter.com/intent/user?user_id=,https://twitter.com/intent/user?user_id=2922443746
1733015970,0,,https://twitter.com/intent/user?user_id=,https://twitter.com/intent/user?user_id=1733015970
1314000720,0,,https://twitter.com/intent/user?user_id=,https://twitter.com/intent/user?user_id=1314000720
506170851,0,,https://twitter.com/intent/user?user_id=,https://twitter.com/intent/user?user_id=506170851
15446551,0,,https://twitter.com/intent/user?user_id=,https://twitter.com/intent/user?user_id=15446551
237266782,0,,https://twitter.com/intent/user?user_id=,https://twitter.com/intent/user?user_id=237266782
58875333,0,,https://twitter.com/intent/user?user_id=,https://twitter.com/intent/user?user_id=58875333
24570249,0,,https://twitter.com/intent/user?user_id=,https://twitter.com/intent/user?user_id=24570249
376887039,-1,,https://twitter.com/intent/user?user_id=,https://twitter.com/intent/user?user_id=376887039
75403792,0,,https://twitter.com/intent/user?user_id=,https://twitter.com/intent/user?user_id=75403792
247341713,0,,https://twitter.com/intent/user?user_id=,https://twitter.com/intent/user?user_id=247341713
3315052845,0,,https://twitter.com/intent/user?user_id=,https://twitter.com/intent/user?user_id=3315052845
4809929010,0,,https://twitter.com/intent/user?user_id=,https://twitter.com/intent/user?user_id=4809929010
2185190036,0,,https://twitter.com/intent/user?user_id=,https://twitter.com/intent/user?user_id=2185190036
112789392,0,,https://twitter.com/intent/user?user_id=,https://twitter.com/intent/user?user_id=112789392
25964256,0,,https://twitter.com/intent/user?user_id=,https://twitter.com/intent/user?user_id=25964256
36416962,0,,https://twitter.com/intent/user?user_id=,https://twitter.com/intent/user?user_id=36416962
27706099,0,,https://twitter.com/intent/user?user_id=,https://twitter.com/intent/user?user_id=27706099
173298739,0,,https://twitter.com/intent/user?user_id=,https://twitter.com/intent/user?user_id=173298739
21836759,0,,https://twitter.com/intent/user?user_id=,https://twitter.com/intent/user?user_id=21836759
1572080431,0,,https://twitter.com/intent/user?user_id=,https://twitter.com/intent/user?user_id=1572080431
262912774,0,,https://twitter.com/intent/user?user_id=,https://twitter.com/intent/user?user_id=262912774
58242325,1,,https://twitter.com/intent/user?user_id=,https://twitter.com/intent/user?user_id=58242325
2469503594,0,,https://twitter.com/intent/user?user_id=,https://twitter.com/intent/user?user_id=2469503594
378574216,-1,,https://twitter.com/intent/user?user_id=,https://twitter.com/intent/user?user_id=378574216
103957479,0,,https://twitter.com/intent/user?user_id=,https://twitter.com/intent/user?user_id=103957479
41622841,0,,https://twitter.com/intent/user?user_id=,https://twitter.com/intent/user?user_id=41622841
21794640,0,,https://twitter.com/intent/user?user_id=,https://twitter.com/intent/user?user_id=21794640
64325936,-1,,https://twitter.com/intent/user?user_id=,https://twitter.com/intent/user?user_id=64325936
17662450,0,,https://twitter.com/intent/user?user_id=,https://twitter.com/intent/user?user_id=17662450
926140441,0,,https://twitter.com/intent/user?user_id=,https://twitter.com/intent/user?user_id=926140441
21051922,0,,https://twitter.com/intent/user?user_id=,https://twitter.com/intent/user?user_id=21051922
2945806515,0,,https://twitter.com/intent/user?user_id=,https://twitter.com/intent/user?user_id=2945806515
17377538,0,,https://twitter.com/intent/user?user_id=,https://twitter.com/intent/user?user_id=17377538
1786849596,0,,https://twitter.com/intent/user?user_id=,https://twitter.com/intent/user?user_id=1786849596
28977811,0,,https://twitter.com/intent/user?user_id=,https://twitter.com/intent/user?user_id=28977811
15743525,0,,https://twitter.com/intent/user?user_id=,https://twitter.com/intent/user?user_id=15743525
118780760,0,,https://twitter.com/intent/user?user_id=,https://twitter.com/intent/user?user_id=118780760
743292565,0,,https://twitter.com/intent/user?user_id=,https://twitter.com/intent/user?user_id=743292565
2828383514,1,,https://twitter.com/intent/user?user_id=,https://twitter.com/intent/user?user_id=2828383514
14769239,0,,https://twitter.com/intent/user?user_id=,https://twitter.com/intent/user?user_id=14769239
284230055,0,,https://twitter.com/intent/user?user_id=,https://twitter.com/intent/user?user_id=284230055
17002172,1,,https://twitter.com/intent/user?user_id=,https://twitter.com/intent/user?user_id=17002172
17601606,0,,https://twitter.com/intent/user?user_id=,https://twitter.com/intent/user?user_id=17601606
17243703,0,,https://twitter.com/intent/user?user_id=,https://twitter.com/intent/user?user_id=17243703
52781143,0,,https://twitter.com/intent/user?user_id=,https://twitter.com/intent/user?user_id=52781143
190063585,0,,https://twitter.com/intent/user?user_id=,https://twitter.com/intent/user?user_id=190063585
17166960,0,,https://twitter.com/intent/user?user_id=,https://twitter.com/intent/user?user_id=17166960
801249402,0,,https://twitter.com/intent/user?user_id=,https://twitter.com/intent/user?user_id=801249402
2800581040,0,,https://twitter.com/intent/user?user_id=,https://twitter.com/intent/user?user_id=2800581040
100804018,0,,https://twitter.com/intent/user?user_id=,https://twitter.com/intent/user?user_id=100804018
2806205512,0,,https://twitter.com/intent/user?user_id=,https://twitter.com/intent/user?user_id=2806205512
54564804,0,,https://twitter.com/intent/user?user_id=,https://twitter.com/intent/user?user_id=54564804
22650582,0,,https://twitter.com/intent/user?user_id=,https://twitter.com/intent/user?user_id=22650582
1288691947,0,,https://twitter.com/intent/user?user_id=,https://twitter.com/intent/user?user_id=1288691947
480140335,0,,https://twitter.com/intent/user?user_id=,https://twitter.com/intent/user?user_id=480140335
109602965,1,,https://twitter.com/intent/user?user_id=,https://twitter.com/intent/user?user_id=109602965
2653624095,0,,https://twitter.com/intent/user?user_id=,https://twitter.com/intent/user?user_id=2653624095
76474130,0,,https://twitter.com/intent/user?user_id=,https://twitter.com/intent/user?user_id=76474130
62441142,0,,https://twitter.com/intent/user?user_id=,https://twitter.com/intent/user?user_id=62441142
19339673,0,,https://twitter.com/intent/user?user_id=,https://twitter.com/intent/user?user_id=19339673
